Политика;политика
Мир;за рубежом
Общество;общество
Бизнес;бизнес
Лента новостей;новости
;новости
Экономика;бизнес
Происшествия;новости
Россия;россия
Экономика и бизнес;бизнес
Спорт;спорт
Бывший СССР;россия
Силовые структуры;армия
Культура;культура
Международная панорама;за рубежом
В мире;жизнь
Телекоммуникации;ИТ
Экономическая война;бизнес
Ценности;история
Путешествия;туризм
В России;россия
Интернет и СМИ;новости
Забота о себе;жизнь
Наука и техника;ИТ
Среда обитания;жизнь
Из жизни;жизнь
Авто;авто
Политическая война;политика
Технологии;ИТ
Финансы;бизнес
Социальная война;общество
Классическая война;армия
За рубежом: реальный мир;за рубежом
Топ главной;новости
Мир спорта;спорт
Реальная Россия;россия
Москва;регионы
Hi-Tech;ИТ
Информационно-психологическая война;политика
Апатиты;регионы
Моя страна;россия
Армия и ОПК;армия
Недвижимость;бизнес
69-я параллель;регионы
Культурная война;культура
Мироустроительная война;политика
Война с историей;история
Блог компании RUVDS.com;бизнес
Python;ИТ
Научно-популярное;наука
Космос;космос
Бизнес / Транспорт;бизнес
Техника;ИТ
Биографии и справки;история
Программирование;ИТ
Читальный зал;развлечения
Новости партнеров;новости
Медиа;новости
Кировск;регионы
Война идей;политика
Веб-дизайн;ИТ
Разработка под iOS;ИТ
Учебный процесс в IT;ИТ
Блог компании X5 Tech;бизнес
Блог компании Dodo Engineering;бизнес
Блог компании VAS Experts;бизнес
C++;ИТ
Блог компании CloudMTS;бизнес
Блог компании Альфа-Банк;бизнес
Блог компании RoboUniver;бизнес
Блог компании OTUS;бизнес
Машинное обучение;ИТ
Habr;ИТ
Блог компании QIWI;бизнес
Nginx;бизнес
Диффузные сепаратистские войны;политика
JavaScript;ИТ
Искусственный интеллект;ИТ
Блог компании Tele2;бизнес
Блог компании Timeweb Cloud;бизнес
Карьера в IT-индустрии;ИТ
Блог компании Selectel;бизнес
Блог компании Национальная Медиа Группа;бизнес
Наука;наука
Блог компании PVS-Studio;бизнес
Блог компании JUG Ru Group;бизнес
Пресс-релизы;новости
Блог компании ISPsystem;бизнес
Алгоритмы;ИТ
Блог компании SkillFactory;бизнес
Управление разработкой;ИТ
Блог компании Factory5;бизнес
Разработка веб-сайтов;ИТ
Блог компании Southbridge;бизнес
Разработка мобильных приложений;ИТ
Блог компании Samsung;бизнес
Блог компании Сбер;бизнес
Блог компании Северсталь;производство
Блог компании Хабр Карьера;бизнес
Сетевые технологии;ИТ
Блог компании TINKOFF;бизнес
Анализ и проектирование систем;производство
Блог компании Онлайн Патент;бизнес
Отладка;ИТ
Блог компании «Актив»;бизнес
Управление проектами;производство
Блог компании Нетология;ИТ
Семантика;ИТ
Энергия и элементы питания;производство
Блог компании VK;бизнес
Блог компании FirstVDS;бизнес
Блог компании Quadcode;бизнес
Блог компании Хабр;ИТ
Блог компании Ростелеком-Солар;бизнес
IT-эмиграция;ИТ
Блог компании Конференции Олега Бунина (Онтико);бизнес
Транспорт;транспорт
Блог компании Skillbox;бизнес
Блог компании Postgres Professional;ИТ
Звук;развлечения
Блог компании Ozon Tech;бизнес
Блог компании Digital Rights Center;бизнес
PHP;ИТ
Блог компании LampTest;бизнес
Big Data;ИТ
Информационная безопасность;ИТ
Блог компании ИНТЕРВОЛГА;бизнес
Северный Кавказ;регионы
Производство и разработка электроники;производство
Блог компании Cloud4Y;бизнес
Блог компании Московский кредитный банк;бизнес
Блог компании Специальный Технологический Центр;бизнес
Open source;ИТ
Метафизическая война;политика
Блог компании Группа компаний X-Com;бизнес
DIY или Сделай сам;развлечения
CMS;ИТ
Блог компании Иннотех;бизнес
Революция 1917 года в России;история
Поисковые технологии;ИТ
DevOps;ИТ
Системное администрирование;ИТ
Блог компании Цифровой СИБУР;бизнес
NoSQL;ИТ
Киберпанк;развлечения
Новости Урала;регионы
Блог компании Click.ru;бизнес
Блог компании ua-hosting.company;бизнес
Блог компании Recognitor;бизнес
PostgreSQL;ИТ
.NET;ИТ
Финансы в IT;финансы
Компьютерное железо;ИТ
Блог компании Доктор Веб;бизнес
Блог компании Sportmaster Lab;бизнес
Настройка Linux;ИТ
Децентрализованные сети;ИТ
Северо-Запад;регионы
Блог компании Doubletapp;бизнес
Разработка игр;ИТ
Национальные проекты;регионы
Блог компании MTS AI;бизнес
Сибирь;регионы
ЛЕНТА НОВОСТЕЙ;новости
1С;ИТ
Блог компании inDrive.Tech;ИТ
Туризм и отдых;туризм
Блог компании SimbirSoft;ИТ
Блог компании Joom;ИТ
Концептуальная война;политика
Гаджеты;ИТ
Блог компании Флант;бизнес
Блог компании Docsvision;бизнес
Тестирование IT-систем;ИТ
Блог компании Группа НЛМК;бизнес
Управление сообществом;регионы
Блог компании Ростелеком;бизнес
Московская область;регионы
Блог компании NAUMEN;бизнес
Программирование микроконтроллеров;ИТ
Блог компании Wiren Board;бизнес
PowerShell;ИТ
Accessibility;ИТ
Новый год и Рождество;праздники
IT-инфраструктура;ИТ
История IT;ИТ
Блог компании Wunder Fund;бизнес
Блог компании МойОфис;бизнес
Новости регионов;новости
Блог компании HeadHunter;бизнес
Занимательные задачки;образование
Блог компании Usetech;бизнес
Новости;новости
Блог компании «Лаборатория Касперского»;бизнес
Блог компании СберМаркет;бизнес
Образование за рубежом;образование
Блог компании STM Labs;бизнес
Схемотехника;ИТ
Блог компании getmatch;ИТ
Блог компании 3CX Ltd.;ИТ
Adobe Flash;ИТ
Будущее здесь;
Блог компании Команда Госуслуг;бизнес
Реверс-инжиниринг;ИТ
Java;ИТ
Assembler;ИТ
Блог компании ГК ЛАНИТ;бизнес
Ноутбуки;ИТ
Блог компании AdminVPS;бизнес
Блог компании Россельхозбанк;бизнес
Блог компании Журнал Хакер;ИТ
Блог компании KTS;бизнес
Блог компании Белая Радуга;бизнес
Промышленность;бизнес
Блог компании AGIMA;бизнес
Новости агентства;новости
